user_id,timestamp
7,2023-03-02T06:55:35Z
5,2023-03-02T07:12:36Z
3,2023-03-02T06:49:04Z
4,2023-03-02T16:21:22Z
5,2023-03-01T04:34:16Z
1,2023-03-01T08:42:47Z
1,2023-03-01T15:10:24Z
1,2023-03-02T15:12:58Z
1,2023-03-01T18:53:28Z
3,2023-03-02T10:58:46Z
4,2023-03-02T08:03:15Z
6,2023-03-02T08:21:32Z
2,2023-03-01T20:04:00Z
3,2023-03-01T17:51:55Z
3,2023-03-01T02:59:16Z
6,2023-03-01T10:06:18Z
6,2023-03-02T13:35:27Z
2,2023-03-02T16:25:56Z
2,2023-03-02T10:55:03Z
6,2023-03-01T15:42:29Z
1,2023-03-02T21:59:35Z
3,2023-03-01T20:29:54Z
5,2023-03-01T12:31:53Z
2,2023-03-01T20:34:29Z
2,2023-03-02T13:52:01Z
6,2023-03-02T17:44:33Z
4,2023-03-02T10:52:21Z
5,2023-03-01T02:41:26Z
5,2023-03-01T14:49:23Z
2,2023-03-02T03:05:43Z
1,2023-03-02T12:35:33Z
4,2023-03-02T02:34:33Z
5,2023-03-01T11:53:48Z
2,2023-03-01T13:30:04Z
5,2023-03-01T02:55:26Z
7,2023-03-01T19:08:30Z
4,2023-03-01T07:06:32Z
4,2023-03-01T08:03:02Z
7,2023-03-01T00:03:27Z
3,2023-03-02T00:38:53Z
7,2023-03-02T10:43:02Z
6,2023-03-01T19:03:39Z
6,2023-03-02T20:33:20Z
2,2023-03-01T12:54:39Z
4,2023-03-02T17:59:35Z
3,2023-03-02T23:29:23Z
3,2023-03-02T15:23:46Z
5,2023-03-01T22:37:17Z
5,2023-03-02T03:22:20Z
7,2023-03-01T20:16:22Z
3,2023-03-02T04:32:27Z
7,2023-03-01T13:23:51Z
7,2023-03-01T08:08:21Z
5,2023-03-02T23:53:15Z
4,2023-03-01T05:12:32Z
7,2023-03-02T03:20:52Z
1,2023-03-02T16:07:47Z
4,2023-03-02T09:40:37Z
3,2023-03-01T15:37:53Z
3,2023-03-02T01:31:18Z
7,2023-03-01T01:21:35Z
4,2023-03-02T09:19:28Z
5,2023-03-02T08:08:20Z
5,2023-03-01T21:15:59Z
6,2023-03-01T02:58:19Z
3,2023-03-01T02:41:55Z
2,2023-03-01T05:19:29Z
6,2023-03-02T08:53:33Z
5,2023-03-02T16:53:55Z
4,2023-03-02T09:07:44Z
5,2023-03-01T01:36:22Z
4,2023-03-02T10:34:41Z
6,2023-03-01T09:53:05Z
3,2023-03-01T08:31:22Z
5,2023-03-02T12:06:32Z
7,2023-03-01T23:26:56Z
4,2023-03-02T11:30:10Z
3,2023-03-01T10:34:27Z
2,2023-03-01T05:01:13Z
4,2023-03-01T10:00:35Z
6,2023-03-02T01:06:13Z
2,2023-03-01T23:09:22Z
2,2023-03-02T01:08:37Z
1,2023-03-01T18:10:50Z
5,2023-03-01T02:53:02Z
4,2023-03-02T13:38:29Z
2,2023-03-01T17:12:09Z
1,2023-03-02T03:27:44Z
6,2023-03-02T15:50:01Z
3,2023-03-01T06:59:29Z
7,2023-03-02T00:17:48Z
7,2023-03-01T09:36:34Z
4,2023-03-01T12:30:33Z
2,2023-03-01T17:32:13Z
7,2023-03-01T20:31:01Z
5,2023-03-01T08:49:10Z
7,2023-03-01T11:14:21Z
7,2023-03-01T21:43:42Z
7,2023-03-02T07:07:00Z
1,2023-03-01T06:43:46Z
2,2023-03-01T01:52:01Z
5,2023-03-01T05:43:29Z
2,2023-03-02T12:15:13Z
4,2023-03-02T04:56:51Z
4,2023-03-02T13:58:48Z
4,2023-03-02T10:41:05Z
6,2023-03-01T20:42:00Z
7,2023-03-01T17:51:49Z
6,2023-03-01T08:19:44Z
1,2023-03-02T09:02:27Z
4,2023-03-01T01:38:21Z
5,2023-03-02T21:10:24Z
2,2023-03-01T08:37:35Z
7,2023-03-02T22:52:37Z
3,2023-03-02T16:29:48Z
5,2023-03-02T07:41:39Z
7,2023-03-01T03:05:38Z
6,2023-03-02T22:12:50Z
6,2023-03-01T06:30:29Z
5,2023-03-01T13:56:40Z
6,2023-03-02T04:07:48Z
4,2023-03-01T04:49:07Z
1,2023-03-02T17:06:32Z
2,2023-03-01T08:50:22Z
1,2023-03-01T11:08:28Z
7,2023-03-02T11:49:15Z
2,2023-03-01T02:12:47Z
2,2023-03-02T06:45:19Z
1,2023-03-01T03:17:51Z
5,2023-03-02T21:44:45Z
2,2023-03-01T07:49:39Z
1,2023-03-01T15:18:19Z
2,2023-03-01T09:47:42Z
3,2023-03-01T21:43:33Z
5,2023-03-02T08:36:47Z
4,2023-03-02T17:29:00Z
2,2023-03-01T23:57:49Z
3,2023-03-01T16:49:05Z
4,2023-03-01T11:05:22Z
4,2023-03-01T11:55:13Z
7,2023-03-02T02:57:13Z
2,2023-03-02T05:06:32Z
1,2023-03-02T09:17:43Z
2,2023-03-02T19:21:44Z
3,2023-03-02T22:55:18Z
4,2023-03-01T12:28:56Z
2,2023-03-02T20:41:06Z
1,2023-03-01T07:49:01Z
7,2023-03-02T14:55:46Z
2,2023-03-02T14:11:18Z
5,2023-03-02T03:02:39Z
7,2023-03-02T10:14:39Z
1,2023-03-02T18:52:43Z
3,2023-03-01T11:32:48Z
4,2023-03-02T03:05:39Z
2,2023-03-01T13:00:51Z
1,2023-03-01T15:13:43Z
7,2023-03-01T06:28:32Z
5,2023-03-02T21:54:03Z
1,2023-03-02T03:25:23Z
6,2023-03-01T03:26:51Z
5,2023-03-01T15:50:09Z
7,2023-03-02T16:41:34Z
3,2023-03-01T08:59:31Z
4,2023-03-01T15:50:22Z
7,2023-03-01T19:47:09Z
3,2023-03-02T03:31:11Z
2,2023-03-02T02:52:54Z
1,2023-03-01T07:25:15Z
6,2023-03-01T07:40:05Z
5,2023-03-02T03:44:13Z
5,2023-03-01T08:39:34Z
1,2023-03-02T15:10:28Z
6,2023-03-01T21:12:53Z
1,2023-03-01T19:14:12Z
2,2023-03-01T19:26:57Z
3,2023-03-01T17:30:37Z
7,2023-03-02T00:56:58Z
5,2023-03-01T01:49:08Z
2,2023-03-02T08:29:41Z
3,2023-03-02T18:50:49Z
2,2023-03-01T06:40:22Z
6,2023-03-02T05:31:37Z
5,2023-03-02T13:56:54Z
7,2023-03-01T16:47:08Z
1,2023-03-02T18:43:32Z
1,2023-03-01T16:29:13Z
3,2023-03-02T07:25:32Z
7,2023-03-01T04:27:32Z
4,2023-03-02T03:58:09Z
6,2023-03-02T12:35:43Z
3,2023-03-01T00:02:43Z
4,2023-03-01T11:30:24Z
2,2023-03-02T15:21:46Z
6,2023-03-02T13:44:30Z
2,2023-03-01T06:13:40Z
7,2023-03-02T09:29:35Z
5,2023-03-01T08:08:20Z
6,2023-03-02T00:58:01Z
4,2023-03-01T02:59:09Z
